{
    "$schema": "https://schema.management.azure.com/schemas/2015-01-01/deploymentParameters.json#",
    "contentVersion": "1.0.0.0",
    "parameters": {
        "vulnerabilityAssessments_Default_storageContainerPath": {
            "value": null
        },
        "sites_Paymentapp_name": {
            "value": null
        },
        "sites_paymentlogin_name": {
            "value": null
        },
        "staticSites_PaymentApp_name": {
            "value": null
        },
        "components_Insight_name": {
            "value": null
        },
        "servers_paymentsisserver_name": {
            "value": null
        },
        "components_Paymentapp_name": {
            "value": null
        },
        "serverfarms_ASP_DisSoft2_a3e8_name": {
            "value": null
        },
        "trafficManagerProfiles_Diseno2_name": {
            "value": null
        },
        "serverfarms_ASP_Paymentapp_Premium_name": {
            "value": null
        },
        "storageAccounts_storagepaymentsis_name": {
            "value": null
        },
        "actionGroups_Application_Insights_Smart_Detection_name": {
            "value": null
        },
        "smartdetectoralertrules_failure_anomalies___insight_name": {
            "value": null
        },
        "smartdetectoralertrules_failure_anomalies___paymentapp_name": {
            "value": null
        },
        "workspaces_DefaultWorkspace_98452ac9_2965_4d6f_bf40_0a8312c89d19_CUS_externalid": {
            "value": null
        },
        "workspaces_DefaultWorkspace_98452ac9_2965_4d6f_bf40_0a8312c89d19_EUS_externalid": {
            "value": null
        }
    }
}